Time,F_Scale,Location,County,State,Lat,Lon,Comments
2007,UNK,Shingle Hollow,Rutherford,NC,35.47,-82.07,Light damage to barn roofs... greenhouses... and trees down with some debris. (GSP)
2211,UNK,1 NE Hillsboro,Pocahontas,WV,38.15,-80.2,(RLX)
2235,UNK,3 W Cool Spring,Colquitt,GA,31.23,-83.65,Georgia Highway Patrol reported a brief touchdown. No damage reported at this time. (TAE)
2235,UNK,1 N Blowing Rock,Watauga,NC,36.14,-81.67,Video sent in by a trained spotter showed a rotating funnel and a wall cloud... as well as a transformer blowing in the distance. Time estimated from radar. (RNK)
0953,UNK,Vidette,Burke,GA,33.04,-82.24,A brief tornado touched down just east of Vidette... GA on 9/26/24. This was in association with the initial outer bands of Hurricane Helene. The tornado is radar/EM co (CAE)
1103,UNK,7 WSW Forest Beach,Beaufort,SC,32.11,-80.86,Emergency Manager relayed report of trees snapped on Stoddard Court and also minor roof damage on the 20 block of Martinangel Lane. Possible tornado. (CHS)
1116,UNK,3 SSW Bluffton,Beaufort,SC,32.19,-80.89,Report relayed of a tree snapped and minor debris on Game Land Road. Possible tornado. (CHS)
1130,UNK,2 SE Bluffton,Beaufort,SC,32.22,-80.83,Beaufort County Sheriff's Office reported property damage from a tornado on Driftwood Drive on Daufuskie Island. (CHS)
1135,UNK,4 SW Bluffton,Beaufort,SC,32.19,-80.9,Beaufort County Sheriff's Office reported a tree down from a tornado on Palmetto Bluff in Pritchardville. (CHS)
