Time,Speed,Location,County,State,Lat,Lon,Comments
1200,UNK,Dobson,Surry,NC,36.39,-80.72,The Surry County 911 Center reports that well over 100 trees and many power lines were down throughout the county. Dozens of roads were blocked as well. Wind gusts of 5 (RNK)
1210,UNK,1 NW Suiter,Bland,VA,37.13,-81.23,Viewer reported downed trees and a power line... blocking Burkes Garden Road. (RNK)
1330,UNK,Greensboro,Guilford,NC,36.08,-79.83,Numerous trees down across the city of Greensboro. (RAH)
1337,UNK,3 NE Jonesville,Lee,VA,36.72,-83.07,Report from mPING: Trees uprooted or snapped; Roof blown off. (MRX)
1420,UNK,Lawsonville,Stokes,NC,36.49,-80.25,Report from mPING: 3-inch tree limbs broken; Power poles broken. (RNK)
1530,UNK,2 NW Lake Wheeler,Wake,NC,35.72,-78.75,Large tree down and blocking Holly Springs Rd. near the intersection of Lilly Atkins Rd. (RAH)
1640,UNK,2 SSE Pewee Valley,Oldham,KY,38.29,-85.47,Corrects previous tstm wnd dmg report from 2 SSE Pewee Valley. Ash Ave... near Ash Land Dr... is completely blocked by a large tree. (LMK)
1647,UNK,2 S Buffalo Junction,Mecklenburg,VA,36.58,-78.63,VDOT reported all east bound lanes of Route 728 near the intersection with One Mile Road were closed due to a tree across the roadway. (AKQ)
1700,UNK,1 NNW Seagate,New Hanover,NC,34.21,-77.85,Trees down behind condo at Moss Vine Pl. (ILM)
1702,UNK,Clarksville,Mecklenburg,VA,36.62,-78.57,The 911 call center reported a power line down on Buffalo Road in Clarksville. Time estimated from radar. (AKQ)
1711,UNK,1 WNW Fairview,Mecklenburg,VA,36.82,-78.48,The 911 call center reported a tree down on Roberts Road in Chase City. Time estimated from radar. (AKQ)
1741,UNK,2 NNW Brownsboro,Oldham,KY,38.38,-85.52,Tree blocking Highway 1694 at Harrods Crossing Blvd. (LMK)
1746,UNK,4 W Peytona,Shelby,KY,38.21,-85.13,Report from mPING: Trees uprooted or snapped. (LMK)
1747,UNK,1 SE Tyrone,Anderson,KY,38.02,-84.84,Report from mPING: Trees uprooted or snapped. (LMK)
1825,UNK,4 WNW Beech Fork State,Wayne,WV,38.33,-82.48,Several trees down and power lines on house. (RLX)
1839,UNK,2 W Dry Fork,Pittsylvania,VA,36.75,-79.45,Corrects previous tornado report from 2 W Dry Fork. Structures damaged and numerous trees down with possible tornado near Dry Fork Road. Time estimated from radar. Poss (RNK)
1851,UNK,3 NE House,Pitt,NC,35.69,-77.33,Delayed report. Pitt County 911 center reported trees down near the intersection of Brown Road and Hwy 903... including a tree on a house. Time estimated based on radar (MHX)
1900,UNK,5 SE Lake Vesuvius,Lawrence,OH,38.56,-82.58,Numerous trees and power lines down. (RLX)
1925,UNK,3 SW Oak Hill,Jackson,OH,38.86,-82.6,Several large trees down along OH-93 near Cambria Rd. Time estimated from radar. (RLX)
1927,UNK,2 NW Mineral Wells,Wood,WV,39.19,-81.53,Trees down blocking Stephens Fork Rd. (RLX)
1939,UNK,4 SW Welch,McDowell,WV,37.4,-81.65,Tree fell on a house. (RLX)
1948,UNK,2 NW Pewee Valley,Oldham,KY,38.33,-85.52,Report from mPING: Trees uprooted or snapped. (LMK)
1955,UNK,9 W Wayne,Wayne,WV,38.24,-82.6,Tree has taken down a transformer... power pole and lines. Road completely blocked. (RLX)
2000,UNK,1 ENE Flatwoods,Greenup,KY,38.52,-82.71,Numerous trees and power lines down in Bellefonte... Flatwoods... Raceland... and Russell. (RLX)
2013,UNK,3 SW Bedford,Bedford,VA,37.31,-79.56,Possible tornado. A storm spotter reported a possible tornado which occurred in the vicinity of the intersection of Dickerson Mill Road and Fidler Creek Road. A number (RNK)
2019,UNK,3 WNW Lake Vesuvius,Lawrence,OH,38.64,-82.67,Numerous trees down in Pedro area. (RLX)
2121,UNK,Troutville,Botetourt,VA,37.41,-79.88,Twenty-one acres of sunflowers at the Beaver Dam Farm in Troutville were flattened by strong winds. (RNK)
2204,59,7 SW Fishermans Island,ANZ632,VA,37.04,-76.08,Mesonet station XBBT Third Island. (AKQ)
2205,UNK,3 NW Trafalgar,Johnson,IN,39.44,-86.18,Report from mPING: 1-inch tree limbs broken; Shingles blown off. (IND)
2214,UNK,6 SE Leda,Halifax,VA,36.85,-79,A few trees blown down by thunderstorm winds near the intersection of U.S. Highway 501 and Liberty Road. (RNK)
0121,UNK,1 NW Charleston,Coles,IL,39.5,-88.19,Report from mPING: 3-inch tree limbs broken. (ILX)
0134,UNK,2 W Long Creek,Macon,IL,39.81,-88.89,Report from mPING: 3-inch tree limbs broken. (ILX)
0145,UNK,1 S Mattoon,Coles,IL,39.47,-88.37,Report from mPING: 3-inch tree limbs broken. (ILX)
0211,UNK,1 NW Charleston,Coles,IL,39.5,-88.19,Report from mPING: 3-inch tree limbs broken. (ILX)
